date,subscriber_pool,signups,conversions,conv_rate,post
2024-04-01,42,42,1,0.0238095238095238,0
2024-04-02,81,40,0,0.0,0
2024-04-03,131,50,0,0.0,0
2024-04-04,186,55,0,0.0,0
2024-04-05,237,51,0,0.0,0
2024-04-06,295,58,0,0.0,0
2024-04-07,332,37,1,0.003012048192771,0
2024-04-08,367,36,0,0.0,0
2024-04-09,413,46,0,0.0,0
2024-04-10,461,48,0,0.0,0
2024-04-11,500,39,0,0.0,0
2024-04-12,545,45,2,0.0036697247706422,0
2024-04-13,588,45,0,0.0,0
2024-04-14,640,52,0,0.0,0
2024-04-15,689,49,1,0.0014513788098693,0
2024-04-16,726,38,0,0.0,0
2024-04-17,766,40,1,0.0013054830287206,0
2024-04-18,801,36,2,0.0024968789013732,0
2024-04-19,842,43,1,0.001187648456057,0
2024-04-20,884,43,4,0.004524886877828,0
2024-04-21,931,51,0,0.0,0
2024-04-22,979,48,2,0.0020429009193054,0
2024-04-23,1020,43,4,0.0039215686274509,0
2024-04-24,1064,48,1,0.0009398496240601,0
2024-04-25,1109,46,2,0.0018034265103697,0
2024-04-26,1137,30,3,0.0026385224274406,0
2024-04-27,1168,34,4,0.0034246575342465,0
2024-04-28,1213,49,2,0.0016488046166529,0
2024-04-29,1256,45,1,0.000796178343949,0
2024-04-30,1286,31,0,0.0,0
2024-05-01,1326,40,0,0.0,0
2024-05-02,1376,50,1,0.0007267441860465,0
2024-05-03,1437,62,3,0.0020876826722338,0
2024-05-04,1484,50,0,0.0,0
2024-05-05,1532,48,4,0.0026109660574412,0
2024-05-06,1577,49,2,0.0012682308180088,0
2024-05-07,1615,40,1,0.0006191950464396,0
2024-05-08,1652,38,1,0.0006053268765133,0
2024-05-09,1692,41,1,0.0005910165484633,0
2024-05-10,1739,48,3,0.0017251293847038,0
2024-05-11,1782,46,3,0.0016835016835016,0
2024-05-12,1828,49,2,0.0010940919037199,0
2024-05-13,1870,44,2,0.0010695187165775,0
2024-05-14,1907,39,2,0.0010487676979549,0
2024-05-15,1953,48,2,0.0010240655401945,0
2024-05-16,1985,34,4,0.0020151133501259,0
2024-05-17,2029,48,1,0.0004928536224741,0
2024-05-18,2086,58,2,0.0009587727708533,0
2024-05-19,2118,34,3,0.0014164305949008,0
2024-05-20,2167,52,2,0.0009229349330872,0
2024-05-21,2209,44,2,0.0009053870529651,0
2024-05-22,2247,40,3,0.0013351134846461,0
2024-05-23,2290,46,2,0.0008733624454148,0
2024-05-24,2336,48,6,0.0025684931506849,0
2024-05-25,2379,49,4,0.001681378730559,0
2024-05-26,2427,52,2,0.0008240626287597,0
2024-05-27,2466,41,4,0.0016220600162206,0
2024-05-28,2500,38,3,0.0012,0
2024-05-29,2531,34,6,0.0023706045041485,0
2024-05-30,2559,34,4,0.0015631105900742,0
2024-05-31,2599,44,4,0.0015390534821085,0
2024-06-01,2638,43,4,0.001516300227445,0
2024-06-02,2675,41,4,0.0014953271028037,0
2024-06-03,2716,45,3,0.0011045655375552,0
2024-06-04,2760,47,3,0.0010869565217391,0
2024-06-05,2802,45,2,0.0007137758743754,0
2024-06-06,2840,40,5,0.0017605633802816,0
2024-06-07,2876,41,5,0.0017385257301808,0
2024-06-08,2916,45,6,0.0020576131687242,0
2024-06-09,2948,38,6,0.0020352781546811,0
2024-06-10,2984,42,3,0.0010053619302949,0
2024-06-11,3018,37,3,0.0009940357852882,0
2024-06-12,3061,46,1,0.000326690623979,0
2024-06-13,3097,37,4,0.0012915724895059,0
2024-06-14,3133,40,4,0.0012767315671879,0
2024-06-15,3176,47,2,0.0006297229219143,0
2024-06-16,3212,38,6,0.0018679950186799,0
2024-06-17,3252,46,2,0.0006150061500615,0
2024-06-18,3286,36,5,0.0015216068167985,0
2024-06-19,3320,39,5,0.0015060240963855,0
2024-06-20,3355,40,1,0.0002980625931445,0
2024-06-21,3397,43,7,0.0020606417427141,0
2024-06-22,3436,46,4,0.0011641443538998,0
2024-06-23,3468,36,6,0.0017301038062283,0
2024-06-24,3498,36,7,0.0020011435105774,0
2024-06-25,3536,45,3,0.0008484162895927,0
2024-06-26,3585,52,4,0.001115760111576,0
2024-06-27,3622,41,4,0.0011043622308117,0
2024-06-28,3667,49,6,0.0016362148895554,0
2024-06-29,3697,36,9,0.0024344062753583,0
2024-06-30,3720,32,4,0.0010752688172043,0
2024-07-01,3763,47,5,0.0013287270794578,0
2024-07-02,3807,49,5,0.0013133701076963,0
2024-07-03,3851,49,6,0.0015580368735393,0
2024-07-04,3893,48,4,0.0010274852298998,0
2024-07-05,3933,44,4,0.0010170353419781,0
2024-07-06,3983,54,3,0.0007532011046949,0
2024-07-07,4030,50,4,0.0009925558312655,0
2024-07-08,4075,49,6,0.0014723926380368,0
2024-07-09,4122,53,4,0.0009704027171276,0
2024-07-10,4156,38,3,0.0007218479307025,0
2024-07-11,4204,51,4,0.0009514747859181,0
2024-07-12,4245,45,5,0.0011778563015312,0
2024-07-13,4284,44,11,0.0025676937441643,0
2024-07-14,4313,40,6,0.0013911430558775,0
2024-07-15,4346,39,5,0.0011504832029452,0
2024-07-16,4381,40,7,0.0015978087194704,0
2024-07-17,4412,38,5,0.0011332728921124,0
2024-07-18,4469,62,7,0.0015663459386887,0
2024-07-19,4510,48,7,0.0015521064301552,0
2024-07-20,4534,31,9,0.001985002205558,0
2024-07-21,4552,27,8,0.0017574692442882,0
2024-07-22,4577,33,7,0.0015293860607384,0
2024-07-23,4623,53,3,0.0006489292667099,0
2024-07-24,4667,47,5,0.0010713520462824,0
2024-07-25,4710,48,6,0.0012738853503184,0
2024-07-26,4752,48,6,0.0012626262626262,0
2024-07-27,4802,56,4,0.0008329862557267,0
2024-07-28,4838,40,3,0.0006200909466721,0
2024-07-29,4876,41,5,0.0010254306808859,0
2024-07-30,4911,40,8,0.0016289961311341,0
2024-07-31,4939,36,11,0.0022271714922048,0
2024-08-01,4977,49,5,0.0010046212577858,0
2024-08-02,5012,40,6,0.0011971268954509,0
2024-08-03,5054,48,5,0.0009893153937475,0
2024-08-04,5090,41,4,0.0007858546168958,0
2024-08-05,5130,44,7,0.0013645224171539,0
2024-08-06,5177,54,4,0.0007726482518833,0
2024-08-07,5223,50,7,0.0013402259237985,0
2024-08-08,5258,42,6,0.00114111829593,0
2024-08-09,5305,53,6,0.0011310084825636,0
2024-08-10,5346,47,5,0.0009352787130564,0
2024-08-11,5381,40,11,0.0020442296970823,0
2024-08-12,5430,60,6,0.0011049723756906,0
2024-08-13,5461,37,6,0.0010986998718183,0
2024-08-14,5493,38,7,0.001274349171673,0
2024-08-15,5531,45,7,0.0012655939251491,0
2024-08-16,5555,31,9,0.0016201620162016,0
2024-08-17,5586,40,6,0.0010741138560687,0
2024-08-18,5641,61,12,0.0021272823967381,0
2024-08-19,5683,54,4,0.0007038535984515,0
2024-08-20,5719,40,6,0.0010491344640671,0
2024-08-21,5753,40,5,0.0008691117677733,0
2024-08-22,5803,55,6,0.0010339479579527,0
2024-08-23,5840,43,8,0.0013698630136986,0
2024-08-24,5867,35,7,0.001193114027612,0
2024-08-25,5913,53,8,0.0013529511246406,0
2024-08-26,5946,41,5,0.0008409014463504,0
2024-08-27,5988,47,11,0.0018370073480293,0
2024-08-28,6014,37,7,0.0011639507815098,0
2024-08-29,6055,48,8,0.0013212221304706,0
2024-08-30,6093,46,12,0.0019694731659281,0
2024-08-31,6119,38,12,0.001961104755679,0
2024-09-01,6145,38,10,0.0016273393002441,0
2024-09-02,6181,46,4,0.000647144475004,0
2024-09-03,6224,47,8,0.0012853470437017,0
2024-09-04,6253,37,10,0.0015992323684631,0
2024-09-05,6285,42,13,0.0020684168655529,0
2024-09-06,6313,41,4,0.0006336131791541,0
2024-09-07,6369,60,7,0.0010990736379337,0
2024-09-08,6402,40,12,0.0018744142455482,0
2024-09-09,6432,42,9,0.0013992537313432,0
2024-09-10,6474,51,13,0.002008032128514,0
2024-09-11,6502,41,14,0.0021531836358043,0
2024-09-12,6533,45,13,0.0019898974437471,0
2024-09-13,6573,53,6,0.0009128251939753,0
2024-09-14,6601,34,3,0.0004544765944553,0
2024-09-15,6644,46,11,0.0016556291390728,0
2024-09-16,6675,42,12,0.0017977528089887,0
2024-09-17,6705,42,7,0.0010439970171513,0
2024-09-18,6730,32,6,0.000891530460624,0
2024-09-19,6770,46,17,0.0025110782865583,0
2024-09-20,6805,52,5,0.0007347538574577,0
2024-09-21,6839,39,8,0.0011697616610615,0
2024-09-22,6860,29,9,0.0013119533527696,0
2024-09-23,6896,45,11,0.0015951276102088,0
2024-09-24,6923,38,11,0.001588906543406,0
2024-09-25,6955,43,10,0.0014378145219266,0
2024-09-26,6996,51,9,0.0012864493996569,0
2024-09-27,7031,44,9,0.0012800455127293,0
2024-09-28,7059,37,11,0.0015582943759739,0
2024-09-29,7091,43,11,0.0015512621633055,0
2024-09-30,7141,61,9,0.0012603276851981,0
2024-10-01,7175,43,11,0.0015331010452961,0
2024-10-02,7217,53,8,0.001108493834003,0
2024-10-03,7251,42,10,0.0013791201213625,0
2024-10-04,7294,53,21,0.0028790786948176,0
2024-10-05,7318,45,13,0.0017764416507242,0
2024-10-06,7346,41,13,0.0017696705690171,0
2024-10-07,7364,31,23,0.0031233025529603,0
2024-10-08,7382,41,6,0.0008127878623679,0
2024-10-09,7432,56,11,0.0014800861141011,0
2024-10-10,7459,38,13,0.0017428609733208,0
2024-10-11,7495,49,9,0.0012008005336891,0
2024-10-12,7524,38,8,0.0010632642211589,0
2024-10-13,7557,41,10,0.0013232764324467,0
2024-10-14,7597,50,8,0.0010530472554955,0
2024-10-15,7632,43,8,0.0010482180293501,0
2024-10-16,7665,41,10,0.0013046314416177,0
2024-10-17,7700,45,8,0.001038961038961,0
2024-10-18,7739,47,12,0.0015505879312572,0
2024-10-19,7764,37,10,0.0012879958784131,0
2024-10-20,7804,50,10,0.0012813941568426,0
2024-10-21,7849,55,9,0.0011466428844438,0
2024-10-22,7892,52,11,0.0013938165230613,0
2024-10-23,7930,49,9,0.0011349306431273,0
2024-10-24,7963,42,10,0.0012558081125204,0
2024-10-25,8001,48,7,0.0008748906386701,0
2024-10-26,8032,38,15,0.001867529880478,0
2024-10-27,8057,40,9,0.0011170410822886,0
2024-10-28,8091,43,10,0.0012359411692003,0
2024-10-29,8119,38,11,0.0013548466559921,0
2024-10-30,8155,47,12,0.001471489883507,0
2024-10-31,8174,31,13,0.0015904086126743,0
2024-11-01,8206,45,8,0.0009748964172556,0
2024-11-02,8251,53,15,0.001817961459217,0
2024-11-03,8281,45,6,0.0007245501750996,0
2024-11-04,8323,48,12,0.0014417878168929,0
2024-11-05,8350,39,7,0.0008383233532934,0
2024-11-06,8405,62,8,0.0009518143961927,0
2024-11-07,8447,50,8,0.0009470818041908,0
2024-11-08,8484,45,15,0.0017680339462517,0
2024-11-09,8505,36,14,0.0016460905349794,0
2024-11-10,8552,61,4,0.000467726847521,0
2024-11-11,8585,37,15,0.0017472335468841,0
2024-11-12,8613,43,10,0.0011610356437942,0
2024-11-13,8637,34,10,0.0011578094245687,0
2024-11-14,8680,53,10,0.0011520737327188,0
2024-11-15,8729,59,13,0.0014892885783022,0
2024-11-16,8751,35,14,0.0015998171637527,0
2024-11-17,8761,24,10,0.0011414222120762,0
2024-11-18,8799,48,9,0.0010228435049437,0
2024-11-19,8841,51,6,0.000678656260604,0
2024-11-20,8871,36,13,0.0014654492165483,0
2024-11-21,8891,33,13,0.0014621527387245,0
2024-11-22,8925,47,10,0.0011204481792717,0
2024-11-23,8960,45,8,0.0008928571428571,0
2024-11-24,8991,39,17,0.0018907796685574,0
2024-11-25,9010,36,13,0.0014428412874583,0
2024-11-26,9040,43,9,0.0009955752212389,0
2024-11-27,9075,44,9,0.00099173553719,0
2024-11-28,9116,50,12,0.0013163668275559,0
2024-11-29,9154,50,13,0.0014201441992571,0
2024-11-30,9179,38,8,0.0008715546355812,0
2024-12-01,9229,58,16,0.0017336656192436,0
2024-12-02,9250,37,11,0.0011891891891891,0
2024-12-03,9282,43,16,0.0017237664296487,0
2024-12-04,9313,47,13,0.0013958982068076,0
2024-12-05,9333,33,19,0.0020357869923925,0
2024-12-06,9359,45,12,0.0012821882679773,0
2024-12-07,9394,47,16,0.0017032148179689,0
2024-12-08,9432,54,14,0.0014843087362171,0
2024-12-09,9464,46,8,0.0008453085376162,0
2024-12-10,9498,42,10,0.0010528532322594,0
2024-12-11,9525,37,14,0.0014698162729658,0
2024-12-12,9554,43,12,0.0012560184216035,0
2024-12-13,9591,49,13,0.001355437389219,0
2024-12-14,9613,35,12,0.001248309580776,0
2024-12-15,9647,46,7,0.0007256141805742,0
2024-12-16,9693,53,12,0.0012380068090374,0
2024-12-17,9715,34,9,0.0009264024704065,0
2024-12-18,9749,43,29,0.0029746640681095,0
2024-12-19,9751,31,12,0.0012306430109732,0
2024-12-20,9792,53,8,0.0008169934640522,0
2024-12-21,9832,48,14,0.0014239218877135,0
2024-12-22,9858,40,16,0.0016230472712517,0
2024-12-23,9881,39,12,0.0012144519785446,0
2024-12-24,9921,52,14,0.001411148069751,0
2024-12-25,9947,40,7,0.0007037297677691,0
2024-12-26,9989,49,16,0.0016017619381319,0
2024-12-27,10019,46,11,0.0010979139634694,0
2024-12-28,10055,47,25,0.0024863252113376,0
2024-12-29,10072,42,16,0.0015885623510722,0
2024-12-30,10108,52,17,0.0016818361693707,0
2024-12-31,10137,46,12,0.0011837821840781,0
2025-01-01,10185,60,17,0.0016691212567501,0
2025-01-02,10212,44,13,0.0012730121425773,0
2025-01-03,10242,43,12,0.0011716461628588,0
2025-01-04,10267,37,9,0.0008765949157494,0
2025-01-05,10297,39,16,0.0015538506361076,0
2025-01-06,10330,49,22,0.0021297192642787,0
2025-01-07,10350,42,12,0.001159420289855,0
2025-01-08,10377,39,10,0.0009636696540425,0
2025-01-09,10411,44,17,0.0016328882912304,0
2025-01-10,10436,42,12,0.0011498658489842,0
2025-01-11,10480,56,23,0.0021946564885496,0
2025-01-12,10500,43,12,0.0011428571428571,0
2025-01-13,10527,39,21,0.0019948703334283,0
2025-01-14,10546,40,20,0.0018964536317087,0
2025-01-15,10574,48,13,0.001229430679024,0
2025-01-16,10613,52,6,0.0005653443889569,0
2025-01-17,10656,49,16,0.0015015015015015,0
2025-01-18,10683,43,17,0.001591313301507,0
2025-01-19,10714,48,9,0.0008400224005973,0
2025-01-20,10746,41,20,0.0018611576400521,0
2025-01-21,10771,45,11,0.0010212607928697,0
2025-01-22,10800,40,30,0.0027777777777777,0
2025-01-23,10816,46,16,0.0014792899408284,0
2025-01-24,10853,53,22,0.0020270892840689,0
2025-01-25,10873,42,13,0.00119562218339,0
2025-01-26,10899,39,9,0.0008257638315441,0
2025-01-27,10940,50,18,0.0016453382084095,0
2025-01-28,10967,45,17,0.0015501048600346,0
2025-01-29,10997,47,10,0.0009093389106119,0
2025-01-30,11027,40,22,0.0019951029291738,0
2025-01-31,11050,45,18,0.001628959276018,0
2025-02-01,11067,35,19,0.0017168157585614,0
2025-02-02,11096,48,44,0.0039653929343907,0
2025-02-03,11082,30,13,0.0011730734524454,0
2025-02-04,11123,54,19,0.0017081722556864,0
2025-02-05,11160,56,21,0.0018817204301075,0
2025-02-06,11183,44,18,0.0016095859787176,0
2025-02-07,11216,51,16,0.0014265335235378,0
2025-02-08,11253,53,15,0.0013329778725673,0
2025-02-09,11279,41,18,0.0015958861601205,0
2025-02-10,11302,41,17,0.0015041585560077,0
2025-02-11,11325,40,18,0.0015894039735099,0
2025-02-12,11356,49,12,0.0010567101091933,0
2025-02-13,11395,51,19,0.0016673979815708,0
2025-02-14,11436,60,13,0.0011367611052815,0
2025-02-15,11458,35,17,0.0014836795252225,0
2025-02-16,11483,42,14,0.0012191935905251,0
2025-02-17,11514,45,18,0.0015633142261594,0
2025-02-18,11534,38,27,0.0023409051499913,0
2025-02-19,11547,40,18,0.0015588464536243,0
2025-02-20,11566,37,17,0.0014698253501642,0
2025-02-21,11587,38,13,0.0011219470095797,0
2025-02-22,11616,42,17,0.0014634986225895,0
2025-02-23,11641,42,15,0.0012885490937204,0
2025-02-24,11676,50,21,0.0017985611510791,0
2025-02-25,11704,49,18,0.001537935748462,0
2025-02-26,11725,39,18,0.0015351812366737,0
2025-02-27,11748,41,20,0.0017024174327545,0
2025-02-28,11764,36,17,0.0014450867052023,0
2025-03-01,11790,43,15,0.0012722646310432,0
2025-03-02,11818,43,17,0.0014384836689795,0
2025-03-03,11841,40,22,0.0018579511865551,0
2025-03-04,11856,37,18,0.0015182186234817,0
2025-03-05,11894,56,23,0.0019337481082898,0
2025-03-06,11905,34,15,0.0012599748005039,0
2025-03-07,11926,36,18,0.0015093073956062,0
2025-03-08,11942,34,13,0.0010885948752302,0
2025-03-09,11967,38,18,0.0015041363750313,0
2025-03-10,11989,40,15,0.0012511468846442,0
2025-03-11,12024,50,10,0.0008316699933466,0
2025-03-12,12049,35,15,0.0012449165905884,0
2025-03-13,12079,45,14,0.0011590363440682,0
2025-03-14,12107,42,21,0.0017345337408111,0
2025-03-15,12126,40,18,0.0014844136566056,0
2025-03-16,12145,37,13,0.0010703993412927,0
2025-03-17,12170,38,17,0.0013968775677896,0
2025-03-18,12190,37,24,0.001968826907301,0
2025-03-19,12205,39,13,0.0010651372388365,0
2025-03-20,12230,38,20,0.0016353229762878,0
2025-03-21,12245,35,16,0.0013066557778685,0
2025-03-22,12275,46,16,0.0013034623217922,0
2025-03-23,12300,41,22,0.0017886178861788,0
2025-03-24,12327,49,19,0.0015413320353695,0
2025-03-25,12354,46,19,0.0015379634126598,0
2025-03-26,12393,58,16,0.0012910513999838,0
2025-03-27,12419,42,21,0.0016909574039777,0
2025-03-28,12428,30,21,0.0016897328612809,0
2025-03-29,12451,44,21,0.0016866115171472,0
2025-03-30,12477,47,13,0.0010419171275146,0
2025-03-31,12494,30,25,0.0020009604610212,0
2025-04-01,12519,50,24,0.0019170860292355,0
2025-04-02,12532,37,16,0.0012767315671879,0
2025-04-03,12571,55,17,0.0013523188290509,0
2025-04-04,12615,61,19,0.0015061434799841,0
2025-04-05,12635,39,15,0.001187178472497,0
2025-04-06,12657,37,18,0.0014221379473808,0
2025-04-07,12679,40,17,0.0013407997476141,0
2025-04-08,12709,47,21,0.001652372334566,0
2025-04-09,12725,37,16,0.0012573673870333,0
2025-04-10,12743,34,19,0.0014910146747233,0
2025-04-11,12766,42,31,0.0024283252389158,0
2025-04-12,12784,49,22,0.001720901126408,0
2025-04-13,12812,50,22,0.0017171401810802,0
2025-04-14,12836,46,32,0.0024929884699283,0
2025-04-15,12850,46,24,0.0018677042801556,0
2025-04-16,12877,51,15,0.0011648675933835,0
2025-04-17,12903,41,28,0.0021700379756645,0
2025-04-18,12922,47,15,0.0011608110199659,0
2025-04-19,12950,43,17,0.0013127413127413,0
2025-04-20,12973,40,26,0.0020041624913281,0
2025-04-21,12986,39,29,0.0022331741875866,0
2025-04-22,13010,53,26,0.0019984627209838,0
2025-04-23,13025,41,16,0.0012284069097888,0
2025-04-24,13063,54,17,0.0013013855928959,0
2025-04-25,13080,34,28,0.0021406727828746,0
2025-04-26,13104,52,20,0.0015262515262515,0
2025-04-27,13140,56,18,0.0013698630136986,0
2025-04-28,13155,33,21,0.0015963511972633,0
2025-04-29,13181,47,21,0.0015932023366967,0
2025-04-30,13208,48,20,0.0015142337976983,0
2025-05-01,13228,40,24,0.001814333232537,0
2025-05-02,13263,59,30,0.0022619316896629,0
2025-05-03,13278,45,20,0.0015062509414068,0
2025-05-04,13303,45,27,0.0020296173795384,0
2025-05-05,13328,52,23,0.0017256902761104,0
2025-05-06,13348,43,24,0.0017980221756068,0
2025-05-07,13376,52,19,0.0014204545454545,0
2025-05-08,13406,49,26,0.0019394301059227,0
2025-05-09,13417,37,16,0.0011925169561004,0
2025-05-10,13435,34,32,0.0023818384815779,0
2025-05-11,13436,33,16,0.0011908306043465,0
2025-05-12,13458,38,20,0.0014861049190072,0
2025-05-13,13482,44,15,0.0011125945705384,0
2025-05-14,13510,43,25,0.0018504811250925,0
2025-05-15,13535,50,22,0.0016254155892131,0
2025-05-16,13556,43,25,0.0018442018294482,0
2025-05-17,13581,50,21,0.0015462778882261,0
2025-05-18,13607,47,26,0.0019107812155508,0
2025-05-19,13622,41,18,0.0013213918660989,0
2025-05-20,13646,42,16,0.0011725047633006,0
2025-05-21,13678,48,22,0.0016084222839596,0
2025-05-22,13695,39,20,0.0014603870025556,0
2025-05-23,13720,45,14,0.0010204081632653,0
2025-05-24,13745,39,16,0.0011640596580574,0
2025-05-25,13764,35,19,0.0013804126707352,0
2025-05-26,13786,41,25,0.001813433918468,0
2025-05-27,13805,44,14,0.0010141253169141,0
2025-05-28,13838,47,28,0.0020234137881196,0
2025-05-29,13859,49,25,0.0018038819539649,0
2025-05-30,13873,39,18,0.0012974843220644,0
2025-05-31,13888,33,25,0.0018001152073732,0
2025-06-01,13891,28,21,0.0015117702109279,0
2025-06-02,13914,44,26,0.0018686215322696,0
2025-06-03,13940,52,20,0.0014347202295552,0
2025-06-04,13963,43,26,0.0018620640263553,0
2025-06-05,13983,46,14,0.0010012157619967,0
2025-06-06,14016,47,20,0.0014269406392694,0
2025-06-07,14037,41,20,0.0014248058702001,0
2025-06-08,14066,49,20,0.0014218683349921,0
2025-06-09,14095,49,27,0.0019155728981908,0
2025-06-10,14121,53,20,0.0014163302882232,0
2025-06-11,14144,43,22,0.0015554298642533,0
2025-06-12,14167,45,30,0.0021175972330062,0
2025-06-13,14166,29,18,0.0012706480304955,0
2025-06-14,14192,44,19,0.0013387824126268,0
2025-06-15,14220,47,21,0.0014767932489451,0
2025-06-16,14239,40,19,0.001334363368214,0
2025-06-17,14246,26,19,0.0013337077074266,0
2025-06-18,14263,36,25,0.0017527869312206,0
2025-06-19,14277,39,18,0.0012607690691321,0
2025-06-20,14290,31,27,0.0018894331700489,0
2025-06-21,14309,46,27,0.0018869243133692,0
2025-06-22,14332,50,27,0.0018838961763885,0
2025-06-23,14355,50,26,0.001811215604319,0
2025-06-24,14377,48,26,0.0018084440425679,0
2025-06-25,14388,37,28,0.0019460661662496,0
2025-06-26,14401,41,18,0.0012499132004721,0
2025-06-27,14419,36,16,0.0011096469935501,0
2025-06-28,14453,50,28,0.0019373140524458,0
2025-06-29,14460,35,22,0.001521438450899,0
2025-06-30,14484,46,31,0.002140292736813,0
2025-07-01,14494,41,31,0.0021388160618186,0
2025-07-02,14517,54,30,0.0020665426741062,0
2025-07-03,14527,40,25,0.0017209334342947,0
2025-07-04,14547,45,21,0.0014435966178593,0
2025-07-05,14565,39,17,0.0011671815997253,0
2025-07-06,14591,43,20,0.0013707079706668,0
2025-07-07,14629,58,22,0.0015038621915373,0
2025-07-08,14664,57,24,0.0016366612111292,0
2025-07-09,14694,54,26,0.0017694296991969,0
2025-07-10,14709,41,24,0.001631654089333,0
2025-07-11,14736,51,22,0.0014929424538545,0
2025-07-12,14761,47,24,0.0016259061039224,0
2025-07-13,14776,39,17,0.0011505143475906,0
2025-07-14,14801,42,30,0.0020268900749949,0
2025-07-15,14810,39,22,0.0014854827819041,0
2025-07-16,14837,49,22,0.0014827795376423,0
2025-07-17,14852,37,22,0.0014812819822246,0
2025-07-18,14877,47,24,0.0016132284734825,0
2025-07-19,14900,47,18,0.0012080536912751,0
2025-07-20,14931,49,28,0.0018752930145335,0
2025-07-21,14954,51,22,0.0014711782800588,0
2025-07-22,14977,45,20,0.0013353809174066,0
2025-07-23,14998,41,21,0.0014001866915588,0
2025-07-24,15030,53,24,0.0015968063872255,0
2025-07-25,15044,38,27,0.0017947354427014,0
2025-07-26,15061,44,31,0.0020582962618684,0
2025-07-27,15087,57,25,0.0016570557433552,0
2025-07-28,15106,44,25,0.0016549715344896,0
2025-07-29,15122,41,26,0.0017193492924216,0
2025-07-30,15147,51,22,0.0014524328249818,0
2025-07-31,15177,52,14,0.000922448441721,0
2025-08-01,15195,32,24,0.0015794669299111,0
2025-08-02,15210,39,22,0.0014464168310322,0
2025-08-03,15230,42,23,0.0015101772816808,0
2025-08-04,15248,41,26,0.0017051416579223,0
2025-08-05,15259,37,25,0.0016383773510714,0
2025-08-06,15271,37,22,0.0014406391199004,0
2025-08-07,15298,49,24,0.0015688325271277,0
2025-08-08,15315,41,28,0.001828272935031,0
2025-08-09,15326,39,24,0.0015659663317238,0
2025-08-10,15347,45,25,0.0016289828631002,0
2025-08-11,15369,47,22,0.0014314529247185,0
2025-08-12,15385,38,26,0.0016899577510562,0
2025-08-13,15403,44,17,0.0011036811010842,0
2025-08-14,15427,41,20,0.0012964283399235,0
2025-08-15,15453,46,24,0.0015530964861192,0
2025-08-16,15469,40,21,0.001357553817312,0
2025-08-17,15486,38,17,0.0010977657238796,0
2025-08-18,15521,52,32,0.0020617228271374,0
2025-08-19,15531,42,17,0.0010945850235013,0
2025-08-20,15558,44,33,0.0021210952564596,0
2025-08-21,15572,47,23,0.0014770100179809,0
2025-08-22,15596,47,28,0.0017953321364452,0
2025-08-23,15614,46,28,0.0017932624567695,0
2025-08-24,15622,36,28,0.0017923441300729,0
2025-08-25,15632,38,30,0.0019191402251791,0
2025-08-26,15642,40,26,0.0016621915356092,0
2025-08-27,15662,46,22,0.0014046737326012,0
2025-08-28,15683,43,22,0.0014027928330038,0
2025-08-29,15705,44,21,0.0013371537726838,0
2025-08-30,15728,44,28,0.0017802644964394,0
2025-08-31,15749,49,21,0.0013334179947933,0
2025-09-01,15776,48,36,0.0022819472616632,0
2025-09-02,15786,46,29,0.0018370708222475,0
2025-09-03,15794,37,17,0.0010763581106749,0
2025-09-04,15827,50,16,0.0010109306880646,0
2025-09-05,15863,52,31,0.0019542331210994,0
2025-09-06,15872,40,22,0.0013860887096774,0
2025-09-07,15899,49,18,0.0011321466758915,0
2025-09-08,15914,33,25,0.0015709438230488,0
2025-09-09,15924,35,21,0.0013187641296156,0
2025-09-10,15950,47,22,0.0013793103448275,0
2025-09-11,15976,48,28,0.0017526289434151,0
2025-09-12,15993,45,31,0.0019383480272619,0
2025-09-13,15997,35,26,0.0016253047446396,0
2025-09-14,16012,41,28,0.0017486884836372,0
2025-09-15,16027,43,23,0.0014350783053597,0
2025-09-16,16057,53,28,0.0017437877561188,0
2025-09-17,16059,30,30,0.0018681113394358,0
2025-09-18,16065,36,32,0.0019919078742608,0
2025-09-19,16068,35,21,0.0013069454817027,0
2025-09-20,16089,42,14,0.0008701597364659,0
2025-09-21,16123,48,22,0.0013645103268622,0
2025-09-22,16137,36,27,0.0016731734523145,0
2025-09-23,16160,50,27,0.0016707920792079,0
2025-09-24,16172,39,23,0.0014222112292851,0
2025-09-25,16191,42,22,0.0013587795688963,0
2025-09-26,16212,43,29,0.0017887984209227,0
2025-09-27,16221,38,27,0.0016645089698538,0
2025-09-28,16236,42,25,0.0015397881251539,0
2025-09-29,16262,51,25,0.0015373262821301,0
2025-09-30,16285,48,27,0.0016579674547129,0
2025-10-01,16295,37,19,0.0011660018410555,0
2025-10-02,16320,44,31,0.0018995098039215,0
2025-10-03,16346,57,28,0.0017129572984216,0
2025-10-04,16360,42,24,0.0014669926650366,0
2025-10-05,16373,37,19,0.0011604470775056,0
2025-10-06,16406,52,25,0.001523832744118,0
2025-10-07,16433,52,19,0.0011562100651128,0
2025-10-08,16468,54,25,0.0015180957007529,0
2025-10-09,16485,42,28,0.0016985138004246,0
2025-10-10,16507,50,19,0.0011510268370994,0
2025-10-11,16535,47,23,0.0013909888116117,0
2025-10-12,16554,42,20,0.0012081672103419,0
2025-10-13,16591,57,21,0.0012657464890603,0
2025-10-14,16604,34,25,0.001505661286437,0
2025-10-15,16623,44,18,0.0010828370330265,0
2025-10-16,16646,41,18,0.0010813408626697,0
2025-10-17,16675,47,58,0.0034782608695652,0
2025-10-18,16654,37,37,0.0022216884832472,0
2025-10-19,16668,51,39,0.0023398128149748,0
2025-10-20,16674,45,19,0.0011394986206069,0
2025-10-21,16701,46,27,0.0016166696604993,0
2025-10-22,16714,40,31,0.0018547325595309,0
2025-10-23,16723,40,19,0.0011361597799437,0
2025-10-24,16757,53,20,0.0011935310616458,0
2025-10-25,16776,39,25,0.0014902241297091,0
2025-10-26,16788,37,21,0.0012508934953538,0
2025-10-27,16811,44,32,0.0019035155552911,0
2025-10-28,16818,39,31,0.0018432631704126,0
2025-10-29,16823,36,26,0.00154550318017,0
2025-10-30,16837,40,19,0.0011284670665795,0
2025-10-31,16853,35,33,0.0019581083486619,0
2025-11-01,16880,60,23,0.0013625592417061,0
2025-11-02,16898,41,26,0.0015386436264646,0
2025-11-03,16919,47,44,0.0026006265145694,0
2025-11-04,16922,47,23,0.0013591774021983,0
2025-11-05,16943,44,28,0.0016525998937614,0
2025-11-06,16956,41,22,0.0012974758197688,0
2025-11-07,16982,48,28,0.0016488046166529,0
2025-11-08,17008,54,24,0.0014111006585136,0
2025-11-09,17032,48,35,0.0020549553781117,0
2025-11-10,17034,37,34,0.0019960079840319,0
2025-11-11,17052,52,24,0.0014074595355383,0
2025-11-12,17060,32,27,0.0015826494724501,0
2025-11-13,17082,49,23,0.001346446551926,0
2025-11-14,17108,49,30,0.0017535655833528,0
2025-11-15,17117,39,25,0.0014605363089326,0
2025-11-16,17148,56,32,0.0018661068346162,0
2025-11-17,17166,50,20,0.00116509379005,0
2025-11-18,17196,50,17,0.0009886020004652,0
2025-11-19,17222,43,21,0.0012193705725235,0
2025-11-20,17265,64,29,0.0016796988126267,0
2025-11-21,17280,44,30,0.0017361111111111,0
2025-11-22,17287,37,27,0.0015618672991265,0
2025-11-23,17312,52,26,0.0015018484288354,0
2025-11-24,17326,40,31,0.0017892185155257,0
2025-11-25,17338,43,27,0.0015572730418733,0
2025-11-26,17348,37,25,0.0014410883098916,0
2025-11-27,17363,40,29,0.0016702182802511,0
2025-11-28,17376,42,27,0.0015538674033149,0
2025-11-29,17398,49,29,0.00166685825957,0
2025-11-30,17409,40,24,0.0013785972772703,0
2025-12-01,17442,57,23,0.0013186561174177,0
2025-12-02,17458,39,31,0.0017756902279757,0
2025-12-03,17467,40,22,0.0012595179481307,0
2025-12-04,17481,36,25,0.0014301241347748,0
2025-12-05,17504,48,24,0.0013711151736745,0
2025-12-06,17511,31,21,0.0011992461881103,0
2025-12-07,17533,43,30,0.0017110591456111,0
2025-12-08,17556,53,27,0.001537935748462,0
2025-12-09,17571,42,24,0.0013658869728529,0
2025-12-10,17601,54,41,0.0023294131015283,0
2025-12-11,17598,38,28,0.0015910898965791,0
2025-12-12,17609,39,22,0.0012493611221534,0
2025-12-13,17643,56,32,0.0018137504959474,0
2025-12-14,17653,42,31,0.0017560754545969,0
2025-12-15,17676,54,31,0.0017537904503281,0
2025-12-16,17686,41,31,0.0017527988239285,0
2025-12-17,17685,30,22,0.0012439920836867,0
2025-12-18,17714,51,35,0.0019758383199729,0
2025-12-19,17712,33,31,0.0017502258355916,0
2025-12-20,17718,37,26,0.0014674342476577,0
2025-12-21,17729,37,35,0.0019741666196626,0
2025-12-22,17751,57,30,0.001690045631232,0
2025-12-23,17763,42,25,0.0014074199178066,0
2025-12-24,17780,42,23,0.0012935883014623,0
2025-12-25,17798,41,25,0.0014046522081132,0
2025-12-26,17816,43,25,0.0014032330489447,0
2025-12-27,17831,40,35,0.0019628736470192,0
2025-12-28,17837,41,36,0.0020182766160228,0
2025-12-29,17844,43,31,0.0017372786370768,0
2025-12-30,17855,42,34,0.0019042285074208,0
2025-12-31,17864,43,26,0.0014554411106135,0
2026-01-01,17891,53,37,0.0020680789223631,0
2026-01-02,17897,43,37,0.0020673855953511,0
2026-01-03,17910,50,21,0.0011725293132328,0
2026-01-04,17940,51,37,0.0020624303232998,0
2026-01-05,17943,40,27,0.0015047650894499,0
2026-01-06,17960,44,27,0.0015033407572383,0
2026-01-07,17973,40,35,0.0019473654926834,0
2026-01-08,17981,43,29,0.0016128135253879,0
2026-01-09,17997,45,22,0.0012224259598822,0
2026-01-10,18024,49,27,0.0014980026631158,0
2026-01-11,18037,40,37,0.0020513389144536,0
2026-01-12,18040,40,34,0.0018847006651884,0
2026-01-13,18052,46,28,0.0015510746731664,0
2026-01-14,18066,42,29,0.0016052252850658,0
2026-01-15,18087,50,29,0.0016033615303809,0
2026-01-16,18101,43,33,0.0018231036959284,0
2026-01-17,18113,45,33,0.0018218958758902,0
2026-01-18,18134,54,24,0.001323480754384,0
2026-01-19,18155,45,25,0.0013770311209033,0
2026-01-20,18175,45,23,0.0012654745529573,0
2026-01-21,18202,50,42,0.0023074387429952,0
2026-01-22,18212,52,28,0.0015374478365912,0
2026-01-23,18221,37,34,0.0018659788156522,0
2026-01-24,18227,40,25,0.0013715915948867,0
2026-01-25,18237,35,27,0.0014805066622799,0
2026-01-26,18256,46,30,0.0016432953549517,0
2026-01-27,18275,49,27,0.0014774281805745,0
2026-01-28,18279,31,28,0.0015318124623885,0
2026-01-29,18290,39,25,0.0013668671405139,0
2026-01-30,18312,47,31,0.0016928789864569,0
2026-01-31,18322,41,27,0.0014736382490994,0
2026-02-01,18344,49,33,0.0017989533362407,0
2026-02-02,18357,46,41,0.00223348041619,0
2026-02-03,18361,45,45,0.0024508469037634,0
2026-02-04,18370,54,30,0.0016330974414806,0
2026-02-05,18386,46,42,0.0022843467855977,0
2026-02-06,18376,32,43,0.0023400087070091,0
2026-02-07,18379,46,31,0.0016867076554763,0
2026-02-08,18384,36,36,0.0019582245430809,0
2026-02-09,18400,52,37,0.0020108695652173,0
2026-02-10,18404,41,29,0.0015757444033905,0
2026-02-11,18420,45,32,0.0017372421281216,0
2026-02-12,18435,47,25,0.0013561160835367,0
2026-02-13,18460,50,29,0.0015709642470205,0
2026-02-14,18476,45,25,0.0013531067330591,0
2026-02-15,18496,45,35,0.0018923010380622,0
2026-02-16,18512,51,32,0.0017286084701815,0
2026-02-17,18528,48,34,0.00183506044905,0
2026-02-18,18533,39,29,0.0015647763448982,0
2026-02-19,18544,40,23,0.0012402933563416,0
2026-02-20,18572,51,28,0.0015076459185871,0
2026-02-21,18590,46,47,0.0025282409897794,0
2026-02-22,18579,36,35,0.00188384735454,0
2026-02-23,18589,45,30,0.0016138576577545,0
2026-02-24,18609,50,24,0.0012896985329679,0
2026-02-25,18620,35,35,0.0018796992481203,0
2026-02-26,18641,56,28,0.0015020653398422,0
2026-02-27,18659,46,34,0.0018221769655394,0
2026-02-28,18671,46,32,0.0017138878474639,0
2026-03-01,18677,38,42,0.0022487551533972,0
2026-03-02,18674,39,34,0.001820713291207,0
2026-03-03,18675,35,40,0.0021419009370816,0
2026-03-04,18675,40,38,0.0020348058902275,0
2026-03-05,18684,47,33,0.0017662170841361,0
2026-03-06,18694,43,40,0.0021397239756071,0
2026-03-07,18702,48,38,0.002031868249385,0
2026-03-08,18717,53,27,0.0014425388684083,0
2026-03-09,18720,30,28,0.0014957264957264,0
2026-03-10,18727,35,44,0.0023495487798365,0
2026-03-11,18735,52,27,0.0014411529223378,0
2026-03-12,18757,49,29,0.0015460894599349,0
2026-03-13,18767,39,39,0.0020781158416369,0
2026-03-14,18777,49,34,0.0018107258880545,0
2026-03-15,18799,56,24,0.0012766636523219,0
2026-03-16,18829,54,39,0.0020712730362738,0
2026-03-17,18831,41,36,0.0019117412776804,0
2026-03-18,18830,35,34,0.0018056293149229,0
2026-03-19,18847,51,62,0.0032896482198758,0
2026-03-20,18837,52,40,0.0021234803843499,0
2026-03-21,18846,49,28,0.0014857264140931,0
2026-03-22,18846,28,24,0.0012734797835084,0
2026-03-23,18868,46,35,0.0018549925800296,0
2026-03-24,18872,39,38,0.0020135650699448,0
2026-03-25,18873,39,34,0.0018015153923594,0
2026-03-26,18888,49,34,0.0018000847098686,0
2026-03-27,18889,35,41,0.0021705754672031,0
2026-03-28,18904,56,39,0.0020630554380025,0
2026-03-29,18906,41,48,0.0025388765471278,0
2026-03-30,18906,48,41,0.0021686237173384,0
2026-03-31,18912,47,36,0.0019035532994923,0
2026-04-01,18915,39,34,0.001797515199577,1
2026-04-02,18939,58,20,0.0010560219652568,1
2026-04-03,18963,44,33,0.0017402309761113,1
2026-04-04,18974,44,32,0.0016865183935912,1
2026-04-05,18986,44,24,0.0012640893289792,1
2026-04-06,18998,36,35,0.0018422991893883,1
2026-04-07,18998,35,30,0.0015791135909043,1
2026-04-08,19017,49,35,0.0018404585370983,1
2026-04-09,19033,51,23,0.0012084274680817,1
2026-04-10,19044,34,18,0.0009451795841209,1
2026-04-11,19058,32,23,0.0012068422709623,1
2026-04-12,19076,41,31,0.001625078632837,1
2026-04-13,19083,38,33,0.0017292878478226,1
2026-04-14,19094,44,30,0.0015711741908452,1
2026-04-15,19118,54,26,0.0013599748927712,1
2026-04-16,19137,45,38,0.0019856821863405,1
2026-04-17,19140,41,31,0.0016196447230929,1
2026-04-18,19146,37,30,0.0015669069257286,1
2026-04-19,19170,54,37,0.0019300991131977,1
2026-04-20,19162,29,30,0.0015655985805239,1
2026-04-21,19175,43,29,0.0015123859191655,1
2026-04-22,19188,42,37,0.0019282885136543,1
2026-04-23,19184,33,33,0.0017201834862385,1
2026-04-24,19191,40,27,0.0014069094888228,1
2026-04-25,19206,42,22,0.0011454753722794,1
2026-04-26,19230,46,29,0.0015080603224128,1
2026-04-27,19262,61,32,0.0016613020454781,1
2026-04-28,19260,30,25,0.0012980269989615,1
2026-04-29,19269,34,23,0.001193627069386,1
2026-04-30,19289,43,33,0.0017108196381357,1
2026-05-01,19296,40,31,0.0016065505804311,1
2026-05-02,19307,42,29,0.0015020458900916,1
2026-05-03,19323,45,30,0.0015525539512498,1
2026-05-04,19338,45,25,0.0012927913951804,1
2026-05-05,19355,42,28,0.0014466546112115,1
2026-05-06,19373,46,35,0.0018066381045785,1
2026-05-07,19382,44,19,0.0009802909916417,1
2026-05-08,19412,49,28,0.0014424067587059,1
2026-05-09,19419,35,25,0.0012873989391832,1
2026-05-10,19440,46,34,0.0017489711934156,1
2026-05-11,19446,40,24,0.0012341869793273,1
2026-05-12,19458,36,35,0.0017987460170623,1
2026-05-13,19474,51,25,0.0012837629660059,1
2026-05-14,19492,43,32,0.0016416991586291,1
2026-05-15,19507,47,32,0.001640436766289,1
2026-05-16,19526,51,27,0.00138277168903,1
2026-05-17,19544,45,29,0.0014838313548915,1
2026-05-18,19558,43,31,0.0015850291440842,1
2026-05-19,19557,30,34,0.0017385079511172,1
2026-05-20,19564,41,29,0.0014823144551216,1
2026-05-21,19579,44,29,0.0014811788140354,1
2026-05-22,19592,42,28,0.0014291547570436,1
2026-05-23,19620,56,28,0.001427115188583,1
2026-05-24,19629,37,32,0.0016302409699933,1
2026-05-25,19632,35,22,0.001120619396903,1
2026-05-26,19667,57,37,0.0018813240453551,1
2026-05-27,19671,41,27,0.001372578923288,1
2026-05-28,19676,32,35,0.0017788168326895,1
2026-05-29,19693,52,31,0.0015741634083176,1
2026-05-30,19703,41,29,0.0014718570776023,1
2026-05-31,19715,41,31,0.0015724067968551,1
2026-06-01,19720,36,25,0.0012677484787018,1
2026-06-02,19750,55,28,0.0014177215189873,1
2026-06-03,19769,47,25,0.0012646062016288,1
2026-06-04,19778,34,32,0.0016179593487713,1
2026-06-05,19786,40,22,0.001111897301122,1
2026-06-06,19806,42,31,0.0015651822679995,1
2026-06-07,19819,44,35,0.001765982138352,1
2026-06-08,19827,43,37,0.0018661421294194,1
2026-06-09,19830,40,26,0.0013111447302067,1
2026-06-10,19837,33,43,0.0021676664818268,1
2026-06-11,19840,46,27,0.0013608870967741,1
2026-06-12,19870,57,23,0.001157523905385,1
2026-06-13,19887,40,32,0.0016090913662191,1
2026-06-14,19898,43,30,0.0015076892149964,1
2026-06-15,19913,45,25,0.0012554612564656,1
2026-06-16,19934,46,31,0.0015551319353867,1
2026-06-17,19942,39,29,0.0014542172299669,1
2026-06-18,19954,41,39,0.0019544953392803,1
2026-06-19,19960,45,34,0.0017034068136272,1
2026-06-20,19967,41,25,0.0012520659087494,1
2026-06-21,19990,48,34,0.0017008504252126,1
2026-06-22,19986,30,39,0.0019513659561693,1
2026-06-23,19980,33,28,0.0014014014014014,1
2026-06-24,20000,48,39,0.00195,1
2026-06-25,20010,49,32,0.0015992003998001,1
2026-06-26,20011,33,32,0.0015991204837339,1
2026-06-27,20029,50,30,0.0014978281491836,1
2026-06-28,20050,51,34,0.0016957605985037,1
2026-06-29,20055,39,39,0.0019446522064323,1
2026-06-30,20062,46,30,0.0014953643704516,1
2026-07-01,20061,29,37,0.0018443746572952,1
2026-07-02,20061,37,37,0.0018443746572952,1
2026-07-03,20068,44,32,0.0015945784333266,1
2026-07-04,20083,47,33,0.0016431807996813,1
2026-07-05,20089,39,27,0.0013440191149385,1
2026-07-06,20098,36,32,0.0015921982286794,1
2026-07-07,20108,42,27,0.0013427491545653,1
2026-07-08,20117,36,27,0.0013421484316747,1
2026-07-09,20131,41,30,0.0014902389349759,1
2026-07-10,20145,44,24,0.0011913626209977,1
2026-07-11,20152,31,31,0.0015383088527193,1
2026-07-12,20156,35,29,0.0014387775352252,1
2026-07-13,20171,44,26,0.0012889792276039,1
2026-07-14,20188,43,34,0.0016841688131563,1
2026-07-15,20194,40,31,0.001535109438447,1
2026-07-16,20205,42,40,0.001979707993071,1
2026-07-17,20194,29,24,0.0011884718233138,1
2026-07-18,20222,52,46,0.002274750271981,1
2026-07-19,20227,51,39,0.0019281158847085,1
2026-07-20,20232,44,37,0.0018287860814551,1
2026-07-21,20247,52,28,0.001382920926557,1
2026-07-22,20267,48,30,0.0014802388118616,1
2026-07-23,20279,42,31,0.0015286749839735,1
2026-07-24,20289,41,32,0.0015772093252501,1
2026-07-25,20305,48,29,0.0014282196503324,1
2026-07-26,20325,49,32,0.0015744157441574,1
2026-07-27,20335,42,38,0.0018686992869436,1
2026-07-28,20356,59,31,0.0015228925132639,1
2026-07-29,20367,42,27,0.0013256738842244,1
2026-07-30,20394,54,32,0.0015690889477297,1
2026-07-31,20400,38,29,0.0014215686274509,1
2026-08-01,20413,42,37,0.0018125704208102,1
2026-08-02,20415,39,32,0.0015674748959098,1
2026-08-03,20448,65,27,0.0013204225352112,1
2026-08-04,20470,49,26,0.0012701514411333,1
2026-08-05,20494,50,36,0.0017566116912267,1
2026-08-06,20499,41,30,0.0014634860237084,1
2026-08-07,20505,36,36,0.0017556693489392,1
2026-08-08,20498,29,37,0.0018050541516245,1
2026-08-09,20505,44,28,0.0013655206047305,1
2026-08-10,20512,35,37,0.0018038221528861,1
2026-08-11,20524,49,28,0.0013642564802182,1
2026-08-12,20533,37,35,0.0017045731261871,1
2026-08-13,20537,39,43,0.0020937819545211,1
2026-08-14,20541,47,42,0.0020446911055936,1
2026-08-15,20554,55,32,0.0015568745742921,1
2026-08-16,20563,41,29,0.0014103000534941,1
2026-08-17,20564,30,30,0.0014588601439408,1
2026-08-18,20579,45,20,0.0009718645220856,1
2026-08-19,20607,48,34,0.0016499247828407,1
2026-08-20,20619,46,24,0.001163974974538,1
2026-08-21,20636,41,34,0.001647606125218,1
2026-08-22,20642,40,28,0.0013564577075864,1
2026-08-23,20646,32,32,0.001549937033808,1
2026-08-24,20664,50,24,0.0011614401858304,1
2026-08-25,20697,57,35,0.0016910663381166,1
2026-08-26,20714,52,36,0.0017379550062759,1
2026-08-27,20730,52,25,0.0012059816690786,1
2026-08-28,20746,41,37,0.001783476332787,1
2026-08-29,20754,45,33,0.0015900549291702,1
2026-08-30,20758,37,27,0.0013007033432893,1
2026-08-31,20777,46,34,0.0016364248929104,1
2026-09-01,20795,52,32,0.0015388314498677,1
2026-09-02,20808,45,32,0.0015378700499807,1
2026-09-03,20820,44,39,0.0018731988472622,1
2026-09-04,20824,43,34,0.0016327314636957,1
2026-09-05,20826,36,35,0.001680591568232,1
2026-09-06,20834,43,28,0.0013439569933762,1
2026-09-07,20843,37,43,0.0020630427481648,1
2026-09-08,20845,45,19,0.0009114895658431,1
2026-09-09,20868,42,36,0.0017251293847038,1
2026-09-10,20871,39,29,0.0013894878060466,1
2026-09-11,20892,50,26,0.0012444955006701,1
2026-09-12,20918,52,35,0.0016732001147337,1
2026-09-13,20926,43,37,0.0017681353340342,1
2026-09-14,20927,38,38,0.0018158360013379,1
2026-09-15,20917,28,31,0.001482048094851,1
2026-09-16,20941,55,22,0.0010505706508762,1
2026-09-17,20961,42,33,0.0015743523686847,1
2026-09-18,20976,48,33,0.0015732265446224,1
2026-09-19,20989,46,27,0.0012863881080566,1
2026-09-20,20990,28,30,0.0014292520247737,1
2026-09-21,21007,47,33,0.0015709049364497,1
2026-09-22,21031,57,30,0.0014264656935,1
2026-09-23,21049,48,17,0.0008076393177823,1
2026-09-24,21080,48,45,0.002134724857685,1
2026-09-25,21076,41,45,0.0021351300056936,1
2026-09-26,21072,41,35,0.0016609719058466,1
2026-09-27,21094,57,39,0.0018488669763913,1
2026-09-28,21111,56,34,0.0016105347922883,1
2026-09-29,21127,50,26,0.0012306527192691,1
2026-09-30,21151,50,31,0.0014656517422344,1
